{"cameraMode":{"drawMode":0,"name":"Shaded","section":"Shading Mode"},"sceneLighting":false,"audioPlay":false,"sceneViewState":{"showFog":true,"showMaterialUpdate":false,"showSkybox":false,"showFlares":true,"showImageEffects":true,"showParticleSystems":true},"in2DMode":false,"pivot":{"x":196.84671020507813,"y":929.1241455078125,"z":0.5623608827590942},"rotation":{"x":-0.11666358262300492,"y":-0.7706040740013123,"z":0.14765256643295289,"w":-0.6088976263999939},"size":0.16798152029514314,"orthographic":false}