{"cameraMode":{"drawMode":0,"name":"Shaded","section":"Shading Mode"},"sceneLighting":true,"audioPlay":false,"sceneViewState":{"showFog":true,"showMaterialUpdate":false,"showSkybox":true,"showFlares":true,"showImageEffects":true,"showParticleSystems":true},"in2DMode":false,"pivot":{"x":-0.26285892724990847,"y":3.103895664215088,"z":-0.14541834592819215},"rotation":{"x":0.10362473130226135,"y":0.010782522149384022,"z":-0.0009688329300843179,"w":0.9946298599243164},"size":0.15099665522575379,"orthographic":false}