{"cameraMode":{"drawMode":0,"name":"Shaded","section":"Shading Mode"},"sceneLighting":true,"audioPlay":false,"sceneViewState":{"showFog":true,"showMaterialUpdate":false,"showSkybox":true,"showFlares":true,"showImageEffects":true,"showParticleSystems":true},"in2DMode":false,"pivot":{"x":-0.4310791492462158,"y":6.606534957885742,"z":-8.276315689086914},"rotation":{"x":0.0472947359085083,"y":0.49006417393684389,"z":-0.026641691103577615,"w":0.8699913620948792},"size":10.0,"orthographic":false}