{"cameraMode":{"drawMode":0,"name":"Shaded","section":"Shading Mode"},"sceneLighting":false,"audioPlay":false,"sceneViewState":{"showFog":true,"showMaterialUpdate":false,"showSkybox":false,"showFlares":true,"showImageEffects":true,"showParticleSystems":true},"in2DMode":false,"pivot":{"x":0.05880230665206909,"y":-0.0020729489624500276,"z":-0.06899559497833252},"rotation":{"x":0.03779849782586098,"y":0.010487345047295094,"z":-0.0003964859643019736,"w":0.9992313981056213},"size":0.17320507764816285,"orthographic":false}