{"cameraMode":{"drawMode":0,"name":"Shaded","section":"Shading Mode"},"sceneLighting":true,"audioPlay":false,"sceneViewState":{"showFog":true,"showMaterialUpdate":false,"showSkybox":true,"showFlares":true,"showImageEffects":true,"showParticleSystems":true},"in2DMode":false,"pivot":{"x":-0.1699995994567871,"y":6.278587341308594,"z":15.619999885559082},"rotation":{"x":0.05529645085334778,"y":-0.5497400164604187,"z":0.0365072526037693,"w":0.8327003121376038},"size":7.761139869689941,"orthographic":false}